image,encoder,quality,width,height,file_size,bpp,butteraugli,dssim,ssimulacra2
1.png,mozjpeg,25,768,512,25918,0.527303,5.559164,0.00942941,34.2196
1.png,jpegli,25,768,512,45918,0.934204,4.478395,0.00575922,49.3273
1.png,mozjpeg,30,768,512,30278,0.616007,4.910849,0.00744434,41.8419
1.png,jpegli,30,768,512,50247,1.022278,3.932353,0.00493912,54.4470
1.png,mozjpeg,35,768,512,34415,0.700175,4.658359,0.00617885,46.6571
1.png,jpegli,35,768,512,52757,1.073344,3.992757,0.00447624,54.9387
1.png,mozjpeg,40,768,512,38209,0.777364,4.374182,0.00525796,50.9786
1.png,jpegli,40,768,512,55400,1.127116,3.650756,0.00404224,57.2254
1.png,mozjpeg,45,768,512,41775,0.849915,4.162748,0.00457157,54.4194
1.png,jpegli,45,768,512,59019,1.200745,3.628850,0.00358100,60.5973
1.png,mozjpeg,50,768,512,45375,0.923157,3.892031,0.00397006,57.9910
1.png,jpegli,50,768,512,62443,1.270406,3.419864,0.00318686,62.5741
1.png,mozjpeg,55,768,512,49197,1.000916,3.827206,0.00349285,60.3658
1.png,jpegli,55,768,512,66686,1.356730,3.130586,0.00284462,64.7501
1.png,mozjpeg,60,768,512,53195,1.082255,3.723472,0.00309964,62.1410
1.png,jpegli,60,768,512,72604,1.477132,3.092002,0.00237876,67.5790
1.png,mozjpeg,65,768,512,58620,1.192627,3.511430,0.00260236,65.4275
1.png,jpegli,65,768,512,78366,1.594360,2.897806,0.00203294,69.8144
1.png,mozjpeg,70,768,512,64676,1.315837,3.523060,0.00222291,67.7779
1.png,jpegli,70,768,512,86486,1.759562,2.803986,0.00165060,72.6361
1.png,mozjpeg,75,768,512,72721,1.479513,2.965438,0.00174988,71.7441
1.png,jpegli,75,768,512,95631,1.945618,2.685929,0.00132876,75.1377
1.png,mozjpeg,80,768,512,85042,1.730184,2.598183,0.00130473,75.1409
1.png,jpegli,80,768,512,108534,2.208130,2.252903,0.00103568,77.4138
1.png,mozjpeg,85,768,512,100040,2.035319,2.306985,0.00092305,78.5201
1.png,jpegli,85,768,512,126754,2.578817,1.840262,0.00071054,81.4404
1.png,mozjpeg,90,768,512,126159,2.566711,1.781932,0.00054341,83.0177
1.png,jpegli,90,768,512,156508,3.184163,1.505281,0.00042101,85.3199
10.png,mozjpeg,25,512,768,14445,0.293884,6.731478,0.00652332,33.3580
10.png,jpegli,25,512,768,29063,0.591288,4.294243,0.00333928,55.4479
10.png,mozjpeg,30,512,768,16666,0.339071,5.671862,0.00509480,41.3423
10.png,jpegli,30,512,768,31211,0.634989,4.071381,0.00286541,58.8668
10.png,mozjpeg,35,512,768,18912,0.384766,4.867860,0.00410849,48.3145
10.png,jpegli,35,512,768,32459,0.660380,3.762833,0.00257746,60.9123
10.png,mozjpeg,40,512,768,20990,0.427043,4.723878,0.00344779,52.5840
10.png,jpegli,40,512,768,33537,0.682312,4.241604,0.00234103,62.7325
10.png,mozjpeg,45,512,768,22937,0.466654,4.412685,0.00297065,56.0885
10.png,jpegli,45,512,768,35295,0.718079,3.429765,0.00209807,64.9092
10.png,mozjpeg,50,512,768,24958,0.507772,4.696859,0.00255983,59.5429
10.png,jpegli,50,512,768,36674,0.746134,3.248755,0.00186313,67.0118
10.png,mozjpeg,55,512,768,27234,0.554077,4.053643,0.00219490,62.5160
10.png,jpegli,55,512,768,38301,0.779236,3.422314,0.00168148,68.6927
10.png,mozjpeg,60,512,768,29077,0.591573,4.250424,0.00197400,63.9675
10.png,jpegli,60,512,768,41058,0.835327,3.305268,0.00141917,71.3117
10.png,mozjpeg,65,512,768,32234,0.655802,4.546953,0.00164770,67.1547
10.png,jpegli,65,512,768,43633,0.887716,2.856139,0.00125421,72.7927
10.png,mozjpeg,70,512,768,35725,0.726827,3.456595,0.00137484,69.7949
10.png,jpegli,70,512,768,47650,0.969442,2.679178,0.00105405,75.0327
10.png,mozjpeg,75,512,768,40304,0.819987,3.558347,0.00107476,73.6491
10.png,jpegli,75,512,768,52021,1.058370,2.515688,0.00086443,77.0933
10.png,mozjpeg,80,512,768,47942,0.975382,2.964774,0.00081239,76.7452
10.png,jpegli,80,512,768,58632,1.192871,2.371591,0.00068978,79.5045
10.png,mozjpeg,85,512,768,57148,1.162679,2.910014,0.00059809,79.5506
10.png,jpegli,85,512,768,68860,1.400960,1.890231,0.00051497,81.6887
10.png,mozjpeg,90,512,768,75177,1.529480,2.471643,0.00036632,83.4090
10.png,jpegli,90,512,768,88641,1.803406,1.435844,0.00032844,84.9549
11.png,mozjpeg,25,768,512,18106,0.368368,6.414059,0.01208258,28.2335
11.png,jpegli,25,768,512,34497,0.701843,4.800382,0.00679545,48.8907
11.png,mozjpeg,30,768,512,21177,0.430847,5.253561,0.01033380,35.2961
11.png,jpegli,30,768,512,37566,0.764282,4.321080,0.00602203,53.3369
11.png,mozjpeg,35,768,512,24369,0.495789,5.148555,0.00816004,42.3521
11.png,jpegli,35,768,512,39430,0.802205,3.946580,0.00559145,54.9697
11.png,mozjpeg,40,768,512,27288,0.555176,4.889952,0.00688823,47.0299
11.png,jpegli,40,768,512,41228,0.838786,4.002540,0.00573965,56.7727
11.png,mozjpeg,45,768,512,30083,0.612040,4.517373,0.00629866,51.0216
11.png,jpegli,45,768,512,43846,0.892049,3.572927,0.00463354,59.9953
11.png,mozjpeg,50,768,512,32839,0.668111,4.271544,0.00553890,54.7748
11.png,jpegli,50,768,512,46145,0.938822,3.388949,0.00426398,61.4104
11.png,mozjpeg,55,768,512,35927,0.730937,4.265534,0.00466980,58.0856
11.png,jpegli,55,768,512,49017,0.997253,3.451184,0.00381702,63.7018
11.png,mozjpeg,60,768,512,38963,0.792704,4.056855,0.00407685,60.2625
11.png,jpegli,60,768,512,53257,1.083516,3.073097,0.00312880,66.4480
11.png,mozjpeg,65,768,512,42917,0.873149,3.674917,0.00346539,64.2793
11.png,jpegli,65,768,512,57605,1.171977,2.909135,0.00300105,68.7692
11.png,mozjpeg,70,768,512,47631,0.969055,3.609691,0.00297218,67.0785
11.png,jpegli,70,768,512,63719,1.296366,2.732779,0.00235171,71.4652
11.png,mozjpeg,75,768,512,54158,1.101847,3.218810,0.00236348,70.8047
11.png,jpegli,75,768,512,70618,1.436727,2.488155,0.00221533,73.9774
11.png,mozjpeg,80,768,512,63943,1.300924,3.222389,0.00182990,74.4932
11.png,jpegli,80,768,512,80093,1.629496,2.105492,0.00159887,77.4627
11.png,mozjpeg,85,768,512,75960,1.545410,2.816407,0.00138460,77.8238
11.png,jpegli,85,768,512,93975,1.911926,1.944585,0.00119073,80.9886
11.png,mozjpeg,90,768,512,97938,1.992554,2.184226,0.00086101,82.3502
11.png,jpegli,90,768,512,117431,2.389140,1.550087,0.00081225,85.0209
12.png,mozjpeg,25,768,512,11728,0.238607,5.745524,0.00545704,26.6410
12.png,jpegli,25,768,512,26491,0.538961,4.557452,0.00290044,52.3782
12.png,mozjpeg,30,768,512,13778,0.280314,5.325150,0.00438603,34.3874
12.png,jpegli,30,768,512,28598,0.581828,4.010573,0.00255294,54.7425
12.png,mozjpeg,35,768,512,15798,0.321411,4.548082,0.00359633,42.2614
12.png,jpegli,35,768,512,29786,0.605998,3.917630,0.00228888,57.6058
12.png,mozjpeg,40,768,512,17627,0.358622,4.935768,0.00308289,47.0715
12.png,jpegli,40,768,512,30993,0.630554,3.747197,0.00211371,59.7057
12.png,mozjpeg,45,768,512,19462,0.395955,3.977606,0.00266651,51.4883
12.png,jpegli,45,768,512,32576,0.662760,3.550089,0.00189281,62.0277
12.png,mozjpeg,50,768,512,21388,0.435140,3.799226,0.00229975,55.7126
12.png,jpegli,50,768,512,34015,0.692037,3.346218,0.00167939,64.8677
12.png,mozjpeg,55,768,512,23562,0.479370,3.605884,0.00202039,58.3368
12.png,jpegli,55,768,512,35751,0.727356,3.236351,0.00154887,66.0150
12.png,mozjpeg,60,768,512,25588,0.520589,3.420592,0.00179753,60.7663
12.png,jpegli,60,768,512,38436,0.781982,3.301931,0.00133404,69.0239
12.png,mozjpeg,65,768,512,28549,0.580831,3.571105,0.00150088,64.5644
12.png,jpegli,65,768,512,40895,0.832011,2.831477,0.00116571,70.7726
12.png,mozjpeg,70,768,512,31855,0.648092,3.248144,0.00127526,67.4601
12.png,jpegli,70,768,512,44900,0.913493,2.572511,0.00096612,73.3788
12.png,mozjpeg,75,768,512,36588,0.744385,2.817809,0.00098440,71.9572
12.png,jpegli,75,768,512,49443,1.005920,2.533646,0.00078727,75.7604
12.png,mozjpeg,80,768,512,43918,0.893514,2.979701,0.00074874,75.2726
12.png,jpegli,80,768,512,55862,1.136515,2.187114,0.00063234,77.9646
12.png,mozjpeg,85,768,512,53014,1.078573,2.343922,0.00054330,78.4373
12.png,jpegli,85,768,512,66000,1.342773,1.946937,0.00044827,81.4116
12.png,mozjpeg,90,768,512,70244,1.429118,2.094375,0.00033272,83.0078
12.png,jpegli,90,768,512,84109,1.711202,1.433615,0.00027053,84.8652
13.png,mozjpeg,25,768,512,30154,0.613485,5.400599,0.01305623,29.8274
13.png,jpegli,25,768,512,54379,1.106344,4.502878,0.00818067,46.6296
13.png,mozjpeg,30,768,512,35664,0.725586,5.054799,0.01053998,37.0039
13.png,jpegli,30,768,512,60218,1.225138,4.105220,0.00701988,50.0365
13.png,mozjpeg,35,768,512,40809,0.830261,5.094305,0.00862927,43.2196
13.png,jpegli,35,768,512,63540,1.292725,4.014857,0.00649394,52.3053
13.png,mozjpeg,40,768,512,45640,0.928548,4.615436,0.00732456,48.1409
13.png,jpegli,40,768,512,67055,1.364237,3.887150,0.00593270,54.7092
13.png,mozjpeg,45,768,512,50179,1.020894,4.480160,0.00638429,51.3875
13.png,jpegli,45,768,512,71842,1.461629,3.832131,0.00533284,57.0083
13.png,mozjpeg,50,768,512,54712,1.113118,4.325430,0.00560330,54.4484
13.png,jpegli,50,768,512,76559,1.557597,3.601681,0.00478886,59.2636
13.png,mozjpeg,55,768,512,59506,1.210653,3.986760,0.00483237,57.7391
13.png,jpegli,55,768,512,81929,1.666850,3.431199,0.00431752,61.5594
13.png,mozjpeg,60,768,512,64685,1.316020,3.730353,0.00428523,59.9982
13.png,jpegli,60,768,512,89430,1.819458,3.146125,0.00366903,64.7119
13.png,mozjpeg,65,768,512,71165,1.447856,3.828265,0.00361515,63.3761
13.png,jpegli,65,768,512,97167,1.976868,2.932970,0.00316155,67.5536
13.png,mozjpeg,70,768,512,78978,1.606812,3.395335,0.00300994,66.1846
13.png,jpegli,70,768,512,107545,2.188009,2.620841,0.00256850,70.3880
13.png,mozjpeg,75,768,512,88835,1.807353,3.026870,0.00240754,69.7550
13.png,jpegli,75,768,512,119217,2.425476,2.414524,0.00207425,73.5284
13.png,mozjpeg,80,768,512,103544,2.106608,2.834036,0.00179746,73.2771
13.png,jpegli,80,768,512,135664,2.760091,2.096824,0.00159845,76.5823
13.png,mozjpeg,85,768,512,122091,2.483948,2.600325,0.00128728,76.9658
13.png,jpegli,85,768,512,158074,3.216024,1.846543,0.00108626,80.4553
13.png,mozjpeg,90,768,512,152031,3.093079,2.413805,0.00076782,81.5546
13.png,jpegli,90,768,512,193653,3.939880,1.383575,0.00059532,84.9658
14.png,mozjpeg,25,768,512,23246,0.472941,7.692827,0.01209165,33.1999
14.png,jpegli,25,768,512,42366,0.861938,5.102360,0.00702416,51.8941
14.png,mozjpeg,30,768,512,27202,0.553426,5.600758,0.00961772,41.1010
14.png,jpegli,30,768,512,46282,0.941610,3.948648,0.00581166,56.1853
14.png,mozjpeg,35,768,512,31130,0.633341,5.479031,0.00808451,46.9489
14.png,jpegli,35,768,512,48632,0.989421,4.136789,0.00545334,57.3699
14.png,mozjpeg,40,768,512,34620,0.704346,4.395095,0.00692608,51.2136
14.png,jpegli,40,768,512,50917,1.035909,4.028512,0.00519745,58.8068
14.png,mozjpeg,45,768,512,38150,0.776164,5.177582,0.00604102,55.0439
14.png,jpegli,45,768,512,54122,1.101115,3.957548,0.00456604,61.3664
14.png,mozjpeg,50,768,512,41330,0.840861,4.552282,0.00531710,57.9741
14.png,jpegli,50,768,512,57069,1.161072,3.747245,0.00417529,63.9117
14.png,mozjpeg,55,768,512,45069,0.916931,4.407006,0.00462635,60.9455
14.png,jpegli,55,768,512,60718,1.235311,3.420310,0.00381732,65.7262
14.png,mozjpeg,60,768,512,48690,0.990601,3.960583,0.00416387,62.8802
14.png,jpegli,60,768,512,65944,1.341634,3.212533,0.00331368,67.8291
14.png,mozjpeg,65,768,512,53775,1.094055,3.816722,0.00351720,65.9949
14.png,jpegli,65,768,512,71025,1.445007,3.159091,0.00293140,70.0095
14.png,mozjpeg,70,768,512,59668,1.213949,3.750221,0.00291672,68.7762
14.png,jpegli,70,768,512,78546,1.598022,3.099107,0.00247167,72.7341
14.png,mozjpeg,75,768,512,67308,1.369385,3.550857,0.00235991,71.9810
14.png,jpegli,75,768,512,86966,1.769328,2.612592,0.00202066,75.2976
14.png,mozjpeg,80,768,512,79049,1.608256,3.120557,0.00181597,75.2682
14.png,jpegli,80,768,512,99102,2.016235,2.252002,0.00159578,78.2462
14.png,mozjpeg,85,768,512,93494,1.902140,2.597548,0.00133306,78.6159
14.png,jpegli,85,768,512,116555,2.371318,1.995328,0.00117714,81.5299
14.png,mozjpeg,90,768,512,118656,2.414062,2.174082,0.00082976,82.5187
14.png,jpegli,90,768,512,146290,2.976278,1.415186,0.00073167,85.5347
15.png,mozjpeg,25,768,512,13973,0.284281,5.849054,0.01719002,24.4196
15.png,jpegli,25,768,512,28394,0.577677,5.024751,0.00955285,47.5339
15.png,mozjpeg,30,768,512,16207,0.329732,5.637707,0.01401142,32.8087
15.png,jpegli,30,768,512,30598,0.622518,4.545267,0.00862930,51.6051
15.png,mozjpeg,35,768,512,18376,0.373861,5.012308,0.01154426,40.4736
15.png,jpegli,35,768,512,31861,0.648214,4.228524,0.00796018,53.9874
15.png,mozjpeg,40,768,512,20396,0.414958,5.190538,0.00993561,45.3400
15.png,jpegli,40,768,512,33043,0.672262,3.945082,0.00743141,55.3913
15.png,mozjpeg,45,768,512,22389,0.455505,4.613293,0.00868353,48.6012
15.png,jpegli,45,768,512,34787,0.707743,4.176091,0.00662921,58.2543
15.png,mozjpeg,50,768,512,24411,0.496643,4.204982,0.00760879,52.3741
15.png,jpegli,50,768,512,36410,0.740763,4.134480,0.00611198,60.7626
15.png,mozjpeg,55,768,512,26722,0.543660,4.070134,0.00669862,55.0789
15.png,jpegli,55,768,512,38238,0.777954,3.903225,0.00559945,62.5381
15.png,mozjpeg,60,768,512,28879,0.587545,3.722141,0.00614016,57.2407
15.png,jpegli,60,768,512,41117,0.836528,3.333426,0.00491416,65.8734
15.png,mozjpeg,65,768,512,32171,0.654521,3.932276,0.00515745,60.9314
15.png,jpegli,65,768,512,43931,0.893778,3.000441,0.00443443,67.5356
15.png,mozjpeg,70,768,512,35381,0.719828,3.587602,0.00442937,63.6068
15.png,jpegli,70,768,512,48254,0.981730,2.844570,0.00381712,70.5035
15.png,mozjpeg,75,768,512,40490,0.823771,3.641495,0.00357944,67.8968
15.png,jpegli,75,768,512,53010,1.078491,2.431917,0.00323996,72.9698
15.png,mozjpeg,80,768,512,48283,0.982320,2.760021,0.00274512,72.1902
15.png,jpegli,80,768,512,60235,1.225484,2.259111,0.00266266,76.1463
15.png,mozjpeg,85,768,512,57752,1.174967,2.697001,0.00206915,75.8215
15.png,jpegli,85,768,512,71004,1.444580,1.813894,0.00201496,79.5878
15.png,mozjpeg,90,768,512,75338,1.532756,2.230690,0.00133383,80.1854
15.png,jpegli,90,768,512,91114,1.853719,1.600919,0.00132723,83.8590
16.png,mozjpeg,25,768,512,13515,0.274963,6.958856,0.01153757,22.6516
16.png,jpegli,25,768,512,29504,0.600260,4.222733,0.00647795,47.2381
16.png,mozjpeg,30,768,512,16134,0.328247,4.905414,0.00915168,31.5530
16.png,jpegli,30,768,512,32089,0.652852,4.175230,0.00542397,52.1076
16.png,mozjpeg,35,768,512,18638,0.379191,4.465062,0.00755412,39.2306
16.png,jpegli,35,768,512,33513,0.681824,3.937355,0.00506642,53.7672
16.png,mozjpeg,40,768,512,21016,0.427572,4.230863,0.00630857,45.2794
16.png,jpegli,40,768,512,35005,0.712179,3.499796,0.00460646,57.0308
16.png,mozjpeg,45,768,512,23132,0.470622,3.876743,0.00542712,49.2148
16.png,jpegli,45,768,512,37043,0.753642,3.650157,0.00416182,59.0499
16.png,mozjpeg,50,768,512,25409,0.516947,4.227237,0.00472100,53.6462
16.png,jpegli,50,768,512,38866,0.790731,3.429880,0.00380334,61.3974
16.png,mozjpeg,55,768,512,28090,0.571493,3.664265,0.00414839,56.9245
16.png,jpegli,55,768,512,41084,0.835856,3.450744,0.00331281,64.1292
16.png,mozjpeg,60,768,512,30553,0.621602,3.585514,0.00369023,59.4179
16.png,jpegli,60,768,512,44502,0.905396,3.012252,0.00284327,66.6843
16.png,mozjpeg,65,768,512,34048,0.692708,3.430472,0.00301178,63.6463
16.png,jpegli,65,768,512,47622,0.968872,2.888028,0.00243534,69.0358
16.png,mozjpeg,70,768,512,38025,0.773621,3.146707,0.00251890,66.5501
16.png,jpegli,70,768,512,52332,1.064697,2.495436,0.00200908,72.1579
16.png,mozjpeg,75,768,512,43643,0.887919,3.277054,0.00195687,70.8549
16.png,jpegli,75,768,512,57697,1.173848,2.332993,0.00161046,74.7568
16.png,mozjpeg,80,768,512,52141,1.060811,2.791452,0.00144613,74.7374
16.png,jpegli,80,768,512,65023,1.322896,2.193069,0.00122655,78.0639
16.png,mozjpeg,85,768,512,62045,1.262309,2.459795,0.00103165,78.4304
16.png,jpegli,85,768,512,76016,1.546549,1.715868,0.00087163,81.1430
16.png,mozjpeg,90,768,512,80885,1.645610,2.164923,0.00061228,83.3066
16.png,jpegli,90,768,512,95205,1.936951,1.542540,0.00051512,85.1368
17.png,mozjpeg,25,512,768,15296,0.311198,5.443985,0.01603457,34.5261
17.png,jpegli,25,512,768,31015,0.631002,4.687787,0.01123944,54.3205
17.png,mozjpeg,30,512,768,17883,0.363831,5.400194,0.01204054,42.2897
17.png,jpegli,30,512,768,33295,0.677389,4.036909,0.00778855,58.8879
17.png,mozjpeg,35,512,768,20268,0.412354,5.090998,0.01034820,48.5596
17.png,jpegli,35,512,768,34607,0.704081,3.683312,0.00764976,60.6131
17.png,mozjpeg,40,512,768,22527,0.458313,4.410546,0.00856138,53.5632
17.png,jpegli,40,512,768,35756,0.727458,3.468605,0.00592084,61.9794
17.png,mozjpeg,45,512,768,24597,0.500427,4.200336,0.00792592,56.3473
17.png,jpegli,45,512,768,37624,0.765462,3.388531,0.00536328,64.4097
17.png,mozjpeg,50,512,768,26788,0.545003,4.281224,0.00684398,60.0100
17.png,jpegli,50,512,768,39187,0.797262,3.361575,0.00504533,66.3094
17.png,mozjpeg,55,512,768,29030,0.590617,4.029081,0.00605697,62.5746
17.png,jpegli,55,512,768,41022,0.834595,3.240264,0.00462797,68.4500
17.png,mozjpeg,60,512,768,31251,0.635803,3.922748,0.00567933,64.2964
17.png,jpegli,60,512,768,43977,0.894714,3.012796,0.00415235,70.4374
17.png,mozjpeg,65,512,768,34501,0.701925,3.519665,0.00478853,67.8154
17.png,jpegli,65,512,768,46808,0.952311,2.776699,0.00366970,72.4154
17.png,mozjpeg,70,512,768,38278,0.778768,3.753101,0.00423522,70.3068
17.png,jpegli,70,512,768,51147,1.040588,2.624817,0.00336688,74.1517
17.png,mozjpeg,75,512,768,43318,0.881307,2.988320,0.00336225,73.6554
17.png,jpegli,75,512,768,55972,1.138753,2.381553,0.00289858,76.4044
17.png,mozjpeg,80,512,768,51166,1.040975,2.738599,0.00281382,76.5999
17.png,jpegli,80,512,768,62941,1.280538,2.238441,0.00250819,79.3240
17.png,mozjpeg,85,512,768,60826,1.237508,2.727781,0.00235964,79.3639
17.png,jpegli,85,512,768,73754,1.500529,1.785645,0.00227084,81.9680
17.png,mozjpeg,90,512,768,78962,1.606486,1.958950,0.00168859,83.1829
17.png,jpegli,90,512,768,93109,1.894307,1.449144,0.00179358,85.4821
18.png,mozjpeg,25,512,768,22598,0.459757,5.551122,0.01514762,30.3167
18.png,jpegli,25,512,768,40500,0.823975,4.439793,0.00862248,48.3947
18.png,mozjpeg,30,512,768,26581,0.540792,5.326735,0.01208399,38.4987
18.png,jpegli,30,512,768,44350,0.902303,4.034493,0.00717125,53.4365
18.png,mozjpeg,35,512,768,30155,0.613505,4.794780,0.00995346,44.3901
18.png,jpegli,35,512,768,46437,0.944763,4.259398,0.00660958,55.4454
18.png,mozjpeg,40,512,768,33702,0.685669,4.619383,0.00837738,48.3622
18.png,jpegli,40,512,768,48710,0.991007,3.813723,0.00609762,57.2124
18.png,mozjpeg,45,512,768,37093,0.754659,4.238268,0.00714458,52.8171
18.png,jpegli,45,512,768,51686,1.051554,3.594487,0.00549673,59.7969
18.png,mozjpeg,50,512,768,40447,0.822896,4.708040,0.00623716,56.0182
18.png,jpegli,50,512,768,54408,1.106934,3.537459,0.00505789,61.9373
18.png,mozjpeg,55,512,768,43913,0.893412,4.357689,0.00541053,58.6997
18.png,jpegli,55,512,768,57678,1.173462,3.496233,0.00455127,63.6375
18.png,mozjpeg,60,512,768,47609,0.968608,3.927100,0.00484457,60.8454
18.png,jpegli,60,512,768,62507,1.271708,3.185616,0.00402240,66.1658
18.png,mozjpeg,65,512,768,52387,1.065816,3.694164,0.00404647,64.1193
18.png,jpegli,65,512,768,67444,1.372152,3.100901,0.00350562,68.4014
18.png,mozjpeg,70,512,768,57982,1.179647,3.490406,0.00341965,66.8170
18.png,jpegli,70,512,768,74578,1.517293,3.029359,0.00300762,71.0525
18.png,mozjpeg,75,512,768,65395,1.330465,3.280300,0.00272577,70.2283
18.png,jpegli,75,512,768,82354,1.675496,2.585970,0.00252004,73.4006
18.png,mozjpeg,80,512,768,76945,1.565450,3.468690,0.00206739,73.6281
18.png,jpegli,80,512,768,93718,1.906698,2.325993,0.00207529,76.2757
18.png,mozjpeg,85,512,768,91359,1.858704,2.522583,0.00153954,76.9601
18.png,jpegli,85,512,768,110940,2.257080,1.927974,0.00154483,79.4839
18.png,mozjpeg,90,512,768,116711,2.374491,2.106917,0.00097366,81.2270
18.png,jpegli,90,512,768,141255,2.873840,1.584184,0.00097429,83.5697
19.png,mozjpeg,25,512,768,16847,0.342753,5.898646,0.01070757,26.1300
19.png,jpegli,25,512,768,33437,0.680278,4.742973,0.00656388,48.4340
19.png,mozjpeg,30,512,768,19753,0.401876,5.062547,0.00871826,34.6065
19.png,jpegli,30,512,768,36053,0.733500,4.280307,0.00586274,52.3911
19.png,mozjpeg,35,512,768,22560,0.458984,5.168373,0.00716870,41.3339
19.png,jpegli,35,512,768,37561,0.764181,4.006184,0.00534499,54.4862
19.png,mozjpeg,40,512,768,25097,0.510600,4.783823,0.00619164,46.6022
19.png,jpegli,40,512,768,39066,0.794800,3.728720,0.00491895,56.4089
19.png,mozjpeg,45,512,768,27565,0.560811,5.310597,0.00538766,50.3036
19.png,jpegli,45,512,768,41300,0.840251,3.434995,0.00445137,58.6695
19.png,mozjpeg,50,512,768,30131,0.613017,4.259491,0.00475160,53.9850
19.png,jpegli,50,512,768,43316,0.881266,3.369140,0.00402295,60.7114
19.png,mozjpeg,55,512,768,33077,0.672953,3.881534,0.00413407,57.5096
19.png,jpegli,55,512,768,45690,0.929565,3.272855,0.00361630,63.0066
19.png,mozjpeg,60,512,768,35918,0.730754,3.890043,0.00366078,60.0988
19.png,jpegli,60,512,768,49192,1.000814,2.937240,0.00310865,65.6387
19.png,mozjpeg,65,512,768,39845,0.810649,3.533520,0.00310204,63.9902
19.png,jpegli,65,512,768,52739,1.072978,2.843486,0.00270465,67.8167
19.png,mozjpeg,70,512,768,44031,0.895813,3.265428,0.00264101,66.7072
19.png,jpegli,70,512,768,58061,1.181254,2.640453,0.00221447,70.9091
19.png,mozjpeg,75,512,768,50097,1.019226,3.113509,0.00208678,70.9713
19.png,jpegli,75,512,768,64110,1.304321,2.498228,0.00178749,73.8020
19.png,mozjpeg,80,512,768,59461,1.209737,3.243974,0.00158813,74.5989
19.png,jpegli,80,512,768,72542,1.475871,2.126902,0.00138479,76.8657
19.png,mozjpeg,85,512,768,70679,1.437968,2.807616,0.00116387,77.9440
19.png,jpegli,85,512,768,85649,1.742533,1.851530,0.00095830,80.5853
19.png,mozjpeg,90,512,768,91299,1.857483,2.280790,0.00070255,82.4563
19.png,jpegli,90,512,768,109368,2.225098,1.463980,0.00054891,84.6615
2.png,mozjpeg,25,768,512,12006,0.244263,5.678156,0.01417953,20.2919
2.png,jpegli,25,768,512,26407,0.537252,4.348577,0.00774640,42.8603
2.png,mozjpeg,30,768,512,14252,0.289958,6.254357,0.01137230,28.4176
2.png,jpegli,30,768,512,28685,0.583598,4.366738,0.00689604,47.9618
2.png,mozjpeg,35,768,512,16592,0.337565,4.738955,0.00942694,36.0701
2.png,jpegli,35,768,512,30001,0.610372,4.078889,0.00625892,50.8824
2.png,mozjpeg,40,768,512,18873,0.383972,4.376490,0.00779376,41.5887
2.png,jpegli,40,768,512,31355,0.637919,3.826437,0.00525104,52.9542
2.png,mozjpeg,45,768,512,21157,0.430440,4.216693,0.00689302,44.9518
2.png,jpegli,45,768,512,33346,0.678426,3.534300,0.00489672,56.0719
2.png,mozjpeg,50,768,512,23252,0.473063,4.189070,0.00584072,49.8643
2.png,jpegli,50,768,512,35044,0.712972,3.774214,0.00450938,57.7467
2.png,mozjpeg,55,768,512,25743,0.523743,4.062666,0.00511066,53.1501
2.png,jpegli,55,768,512,37106,0.754924,3.385819,0.00395094,60.3607
2.png,mozjpeg,60,768,512,28181,0.573344,3.957910,0.00460614,55.8066
2.png,jpegli,60,768,512,40269,0.819275,3.358385,0.00358082,63.3583
2.png,mozjpeg,65,768,512,31556,0.642008,3.574688,0.00387742,59.9684
2.png,jpegli,65,768,512,43590,0.886841,3.184175,0.00309822,65.3453
2.png,mozjpeg,70,768,512,35608,0.724447,3.559494,0.00321103,63.0400
2.png,jpegli,70,768,512,48622,0.989217,2.858302,0.00247863,68.6607
2.png,mozjpeg,75,768,512,41362,0.841512,3.507977,0.00253297,67.6022
2.png,jpegli,75,768,512,54354,1.105835,2.707671,0.00205396,71.2664
2.png,mozjpeg,80,768,512,50624,1.029948,2.716487,0.00186925,72.2615
2.png,jpegli,80,768,512,63177,1.285339,2.368098,0.00161016,75.1712
2.png,mozjpeg,85,768,512,61957,1.260518,2.468985,0.00139653,76.2076
2.png,jpegli,85,768,512,76163,1.549540,2.075867,0.00117774,79.1517
2.png,mozjpeg,90,768,512,82585,1.680196,2.118993,0.00084268,81.3791
2.png,jpegli,90,768,512,100512,2.044922,1.640649,0.00070661,83.8728
20.png,mozjpeg,25,768,512,12303,0.250305,6.028945,0.00977008,40.8127
20.png,jpegli,25,768,512,26266,0.534383,4.395015,0.00604599,54.8860
20.png,mozjpeg,30,768,512,14324,0.291423,5.733434,0.00791290,47.4207
20.png,jpegli,30,768,512,28170,0.573120,3.907799,0.00513425,57.9210
20.png,mozjpeg,35,768,512,16093,0.327413,5.213383,0.00665051,52.5785
20.png,jpegli,35,768,512,29169,0.593445,3.755696,0.00477222,59.9726
20.png,mozjpeg,40,768,512,17825,0.362651,4.821296,0.00569158,55.9149
20.png,jpegli,40,768,512,30174,0.613892,3.557664,0.00442685,61.3195
20.png,mozjpeg,45,768,512,19466,0.396037,4.292113,0.00503029,58.6729
20.png,jpegli,45,768,512,31736,0.645671,3.822202,0.00400492,63.1072
20.png,mozjpeg,50,768,512,21141,0.430115,4.104036,0.00439708,61.1297
20.png,jpegli,50,768,512,33142,0.674276,3.390969,0.00366593,64.9510
20.png,mozjpeg,55,768,512,23120,0.470378,4.023754,0.00385729,63.3488
20.png,jpegli,55,768,512,34788,0.707764,3.131058,0.00335420,66.9837
20.png,mozjpeg,60,768,512,24936,0.507324,3.974420,0.00343411,65.3772
20.png,jpegli,60,768,512,37410,0.761108,2.979438,0.00288722,69.5264
20.png,mozjpeg,65,768,512,27514,0.559774,4.360065,0.00296698,67.9576
20.png,jpegli,65,768,512,39831,0.810364,2.762038,0.00253134,71.2768
20.png,mozjpeg,70,768,512,30311,0.616679,4.183454,0.00252424,70.1450
20.png,jpegli,70,768,512,43480,0.884603,3.013665,0.00210642,73.6463
20.png,mozjpeg,75,768,512,34368,0.699219,3.676715,0.00205262,73.4066
20.png,jpegli,75,768,512,47538,0.967163,2.452979,0.00174668,75.5957
20.png,mozjpeg,80,768,512,40603,0.826070,3.698073,0.00160072,75.9350
20.png,jpegli,80,768,512,53572,1.089925,2.144268,0.00137348,78.3972
20.png,mozjpeg,85,768,512,48186,0.980347,2.942560,0.00118334,78.5468
20.png,jpegli,85,768,512,62406,1.269653,1.768070,0.00098256,81.1870
20.png,mozjpeg,90,768,512,62904,1.279785,2.147026,0.00075349,82.4244
20.png,jpegli,90,768,512,78686,1.600871,1.411993,0.00058036,84.9925
21.png,mozjpeg,25,768,512,18052,0.367269,5.693411,0.00905879,34.9719
21.png,jpegli,25,768,512,34119,0.694153,4.291058,0.00547771,52.4613
21.png,mozjpeg,30,768,512,21031,0.427877,5.097463,0.00729461,41.8622
21.png,jpegli,30,768,512,37012,0.753011,4.218251,0.00467429,55.7212
21.png,mozjpeg,35,768,512,23727,0.482727,4.739681,0.00597521,47.9784
21.png,jpegli,35,768,512,38694,0.787231,3.989962,0.00427775,58.3832
21.png,mozjpeg,40,768,512,26232,0.533691,4.516558,0.00505258,52.6473
21.png,jpegli,40,768,512,40434,0.822632,3.974658,0.00387984,60.3243
21.png,mozjpeg,45,768,512,28833,0.586609,4.727992,0.00442619,55.0454
21.png,jpegli,45,768,512,42842,0.871623,3.414924,0.00342461,63.1344
21.png,mozjpeg,50,768,512,31148,0.633708,3.908690,0.00385901,58.8996
21.png,jpegli,50,768,512,45033,0.916199,3.367421,0.00308365,64.7933
21.png,mozjpeg,55,768,512,33835,0.688375,3.692728,0.00335238,61.2378
21.png,jpegli,55,768,512,47520,0.966797,3.520035,0.00273235,65.9552
21.png,mozjpeg,60,768,512,36596,0.744548,3.526697,0.00294488,63.3631
21.png,jpegli,60,768,512,51309,1.043884,3.153329,0.00230676,69.3973
21.png,mozjpeg,65,768,512,40295,0.819804,3.411691,0.00248016,66.5880
21.png,jpegli,65,768,512,54939,1.117737,2.921996,0.00198851,71.0635
21.png,mozjpeg,70,768,512,44110,0.897420,3.128555,0.00210880,68.6975
21.png,jpegli,70,768,512,60335,1.227519,2.673588,0.00162338,72.9577
21.png,mozjpeg,75,768,512,49904,1.015299,2.901989,0.00166736,72.6870
21.png,jpegli,75,768,512,66269,1.348246,2.302882,0.00130638,75.1651
21.png,mozjpeg,80,768,512,59200,1.204427,2.769823,0.00125966,75.0757
21.png,jpegli,80,768,512,74848,1.522786,2.097745,0.00100212,77.9926
21.png,mozjpeg,85,768,512,70263,1.429504,2.498062,0.00089793,78.4652
21.png,jpegli,85,768,512,87909,1.788513,1.960229,0.00070367,80.8321
21.png,mozjpeg,90,768,512,91081,1.853048,1.883897,0.00053982,82.8970
21.png,jpegli,90,768,512,112636,2.291585,1.552196,0.00041460,84.4833
22.png,mozjpeg,25,768,512,17044,0.346761,5.670614,0.01067820,28.5243
22.png,jpegli,25,768,512,33223,0.675924,4.542650,0.00592023,50.7643
22.png,mozjpeg,30,768,512,20297,0.412944,5.946815,0.00843189,37.0448
22.png,jpegli,30,768,512,36188,0.736247,3.976442,0.00498714,54.6551
22.png,mozjpeg,35,768,512,23367,0.475403,5.725780,0.00693853,43.6429
22.png,jpegli,35,768,512,37939,0.771871,3.906596,0.00461533,56.4056
22.png,mozjpeg,40,768,512,26247,0.533997,4.376718,0.00582434,48.5965
22.png,jpegli,40,768,512,39714,0.807983,3.749092,0.00419619,58.7119
22.png,mozjpeg,45,768,512,28990,0.589803,4.536107,0.00503963,52.5139
22.png,jpegli,45,768,512,42136,0.857259,3.349143,0.00378070,60.5733
22.png,mozjpeg,50,768,512,31819,0.647359,3.934374,0.00436592,56.0787
22.png,jpegli,50,768,512,44334,0.901978,3.382537,0.00342551,62.6149
22.png,mozjpeg,55,768,512,34947,0.710999,4.007656,0.00378466,59.1005
22.png,jpegli,55,768,512,47029,0.956807,3.136322,0.00306568,64.7594
22.png,mozjpeg,60,768,512,37991,0.772929,3.791400,0.00334835,61.2926
22.png,jpegli,60,768,512,51159,1.040833,3.109458,0.00264969,67.1431
22.png,mozjpeg,65,768,512,42213,0.858826,4.084599,0.00279046,64.9993
22.png,jpegli,65,768,512,55094,1.120890,2.876567,0.00228800,69.5957
22.png,mozjpeg,70,768,512,46886,0.953898,3.678661,0.00233890,67.7503
22.png,jpegli,70,768,512,61080,1.242676,2.610595,0.00185808,72.3360
22.png,mozjpeg,75,768,512,53367,1.085754,3.402924,0.00184062,71.4642
22.png,jpegli,75,768,512,67763,1.378642,2.438376,0.00150837,74.6946
22.png,mozjpeg,80,768,512,63562,1.293172,3.062416,0.00135096,74.9783
22.png,jpegli,80,768,512,77814,1.583130,2.179824,0.00115941,77.9621
22.png,mozjpeg,85,768,512,76075,1.547750,2.615686,0.00096798,78.3989
22.png,jpegli,85,768,512,92644,1.884847,1.898029,0.00080318,81.3824
22.png,mozjpeg,90,768,512,98550,2.005005,2.522776,0.00058514,82.3726
22.png,jpegli,90,768,512,119630,2.433879,1.439410,0.00044753,85.4609
23.png,mozjpeg,25,768,512,12479,0.253886,6.138424,0.00766934,34.7838
23.png,jpegli,25,768,512,25937,0.527690,3.840357,0.00369766,57.8858
23.png,mozjpeg,30,768,512,14260,0.290120,5.913744,0.00610659,42.0898
23.png,jpegli,30,768,512,27588,0.561279,3.583282,0.00310307,61.0271
23.png,mozjpeg,35,768,512,16138,0.328328,4.717385,0.00492178,49.0872
23.png,jpegli,35,768,512,28574,0.581340,3.652437,0.00280017,63.0470
23.png,mozjpeg,40,768,512,17773,0.361593,4.335549,0.00411239,53.3413
23.png,jpegli,40,768,512,29373,0.597595,3.610800,0.00252902,64.8216
23.png,mozjpeg,45,768,512,19284,0.392334,3.879563,0.00355070,56.4847
23.png,jpegli,45,768,512,30705,0.624695,3.167223,0.00236955,66.8857
23.png,mozjpeg,50,768,512,20892,0.425049,3.763646,0.00305361,60.6144
23.png,jpegli,50,768,512,31813,0.647237,3.544283,0.00207747,68.9252
23.png,mozjpeg,55,768,512,22835,0.464579,3.921702,0.00263612,63.8499
23.png,jpegli,55,768,512,33015,0.671692,2.923078,0.00188908,70.2620
23.png,mozjpeg,60,768,512,24324,0.494873,3.324814,0.00243488,65.6533
23.png,jpegli,60,768,512,35053,0.713155,2.704294,0.00160460,72.5427
23.png,mozjpeg,65,768,512,26817,0.545593,3.908749,0.00196056,69.0611
23.png,jpegli,65,768,512,36999,0.752747,2.802256,0.00145479,73.7443
23.png,mozjpeg,70,768,512,29336,0.596842,3.395775,0.00167815,71.3557
23.png,jpegli,70,768,512,39987,0.813538,2.415956,0.00120794,76.0264
23.png,mozjpeg,75,768,512,33258,0.676636,3.326167,0.00132263,75.1011
23.png,jpegli,75,768,512,43235,0.879618,2.319207,0.00102695,77.8489
23.png,mozjpeg,80,768,512,39491,0.803446,2.790634,0.00102077,78.0289
23.png,jpegli,80,768,512,48256,0.981771,2.007809,0.00082910,80.1714
23.png,mozjpeg,85,768,512,46559,0.947245,2.128287,0.00080408,80.8936
23.png,jpegli,85,768,512,56431,1.148092,1.935369,0.00060520,83.0492
23.png,mozjpeg,90,768,512,61461,1.250427,1.726214,0.00056661,84.1977
23.png,jpegli,90,768,512,72716,1.479411,1.526332,0.00040749,85.6395
24.png,mozjpeg,25,768,512,22714,0.462118,6.047462,0.01000832,34.4012
24.png,jpegli,25,768,512,41723,0.848857,4.507456,0.00557203,52.4181
24.png,mozjpeg,30,768,512,26547,0.540100,5.582851,0.00798015,41.5819
24.png,jpegli,30,768,512,45634,0.928426,4.311933,0.00463186,56.4903
24.png,mozjpeg,35,768,512,30175,0.613912,4.814161,0.00649697,47.4138
24.png,jpegli,35,768,512,47834,0.973185,4.067598,0.00426755,58.3038
24.png,mozjpeg,40,768,512,33565,0.682882,4.886314,0.00550002,51.7238
24.png,jpegli,40,768,512,50022,1.017700,3.837871,0.00390154,59.4688
24.png,mozjpeg,45,768,512,36960,0.751953,4.803728,0.00477324,54.7885
24.png,jpegli,45,768,512,53081,1.079936,3.787548,0.00352363,61.8620
24.png,mozjpeg,50,768,512,40174,0.817342,4.601756,0.00414493,58.2665
24.png,jpegli,50,768,512,55987,1.139058,3.465545,0.00311639,64.2477
24.png,mozjpeg,55,768,512,43480,0.884603,4.121069,0.00355450,61.0237
24.png,jpegli,55,768,512,59471,1.209941,3.473701,0.00276182,66.2370
24.png,mozjpeg,60,768,512,47079,0.957825,4.105995,0.00315889,63.0323
24.png,jpegli,60,768,512,64390,1.310018,3.218967,0.00236688,68.5844
24.png,mozjpeg,65,768,512,51710,1.052043,4.519341,0.00263151,66.0477
24.png,jpegli,65,768,512,69253,1.408956,2.878128,0.00205437,70.3489
24.png,mozjpeg,70,768,512,57171,1.163147,3.602361,0.00221984,68.2513
24.png,jpegli,70,768,512,76365,1.553650,3.002682,0.00167327,73.0636
24.png,mozjpeg,75,768,512,64322,1.308634,3.316592,0.00173982,71.5685
24.png,jpegli,75,768,512,84204,1.713135,2.525852,0.00137023,75.4802
24.png,mozjpeg,80,768,512,75569,1.537455,3.002044,0.00129860,74.7081
24.png,jpegli,80,768,512,95146,1.935750,2.177944,0.00105868,78.4035
24.png,mozjpeg,85,768,512,88858,1.807821,2.801549,0.00093434,77.8995
24.png,jpegli,85,768,512,111354,2.265503,1.805152,0.00074164,81.6155
24.png,mozjpeg,90,768,512,112417,2.287130,2.897704,0.00056014,81.7973
24.png,jpegli,90,768,512,138936,2.826660,1.441988,0.00044428,85.5874
3.png,mozjpeg,25,768,512,12040,0.244954,6.145004,0.00869799,30.5921
3.png,jpegli,25,768,512,26138,0.531779,4.349824,0.00467002,52.7144
3.png,mozjpeg,30,768,512,14001,0.284851,5.157690,0.00695497,38.2548
3.png,jpegli,30,768,512,28105,0.571798,4.080657,0.00388775,56.2058
3.png,mozjpeg,35,768,512,15952,0.324544,4.555838,0.00578018,44.2046
3.png,jpegli,35,768,512,29234,0.594767,3.955635,0.00367822,57.6060
3.png,mozjpeg,40,768,512,17855,0.363261,4.569421,0.00481222,49.0938
3.png,jpegli,40,768,512,30212,0.614665,3.849994,0.00326803,60.8119
3.png,mozjpeg,45,768,512,19579,0.398336,4.338015,0.00421304,52.8570
3.png,jpegli,45,768,512,31835,0.647685,3.895891,0.00289213,62.8646
3.png,mozjpeg,50,768,512,21445,0.436300,4.122651,0.00358311,56.7099
3.png,jpegli,50,768,512,33199,0.675435,3.396801,0.00271400,64.7807
3.png,mozjpeg,55,768,512,23508,0.478271,3.983984,0.00314242,59.4166
3.png,jpegli,55,768,512,34779,0.707581,3.516124,0.00234448,67.3642
3.png,mozjpeg,60,768,512,25334,0.515422,3.860790,0.00284059,61.5724
3.png,jpegli,60,768,512,37121,0.755229,3.308486,0.00198483,70.3432
3.png,mozjpeg,65,768,512,28076,0.571208,3.360317,0.00234404,65.0315
3.png,jpegli,65,768,512,39388,0.801351,3.280277,0.00180763,71.8999
3.png,mozjpeg,70,768,512,30960,0.629883,3.621527,0.00200703,67.6799
3.png,jpegli,70,768,512,42893,0.872660,3.258196,0.00146569,74.5173
3.png,mozjpeg,75,768,512,35337,0.718933,3.278563,0.00152334,72.1500
3.png,jpegli,75,768,512,46729,0.950704,2.865480,0.00121772,76.7646
3.png,mozjpeg,80,768,512,41988,0.854248,2.767535,0.00116212,75.2596
3.png,jpegli,80,768,512,52324,1.064535,2.445878,0.00100699,79.4436
3.png,mozjpeg,85,768,512,49718,1.011515,2.699832,0.00087266,78.3855
3.png,jpegli,85,768,512,60568,1.232259,2.015854,0.00073283,82.4736
3.png,mozjpeg,90,768,512,64747,1.317281,2.192701,0.00053632,83.2281
3.png,jpegli,90,768,512,74923,1.524312,1.649695,0.00047342,85.5675
4.png,mozjpeg,25,512,768,14571,0.296448,5.392639,0.01239926,24.6068
4.png,jpegli,25,512,768,29657,0.603373,4.292191,0.00703449,47.1552
4.png,mozjpeg,30,512,768,17075,0.347392,5.304766,0.00990804,33.5024
4.png,jpegli,30,512,768,31955,0.650126,3.710268,0.00624891,51.9938
4.png,mozjpeg,35,512,768,19609,0.398946,5.042100,0.00806484,40.7101
4.png,jpegli,35,512,768,33291,0.677307,3.783290,0.00573186,54.4218
4.png,mozjpeg,40,512,768,22047,0.448547,4.630555,0.00690633,45.8307
4.png,jpegli,40,512,768,34560,0.703125,4.030355,0.00514012,56.3031
4.png,mozjpeg,45,512,768,24284,0.494059,4.246796,0.00607432,49.6261
4.png,jpegli,45,512,768,36425,0.741069,3.604475,0.00467942,59.1997
4.png,mozjpeg,50,512,768,26529,0.539734,4.014812,0.00521039,54.2584
4.png,jpegli,50,512,768,38106,0.775269,3.345195,0.00423437,60.8153
4.png,mozjpeg,55,512,768,29025,0.590515,3.874030,0.00458970,57.4669
4.png,jpegli,55,512,768,40171,0.817281,3.294745,0.00387152,63.0436
4.png,mozjpeg,60,512,768,31553,0.641947,3.500332,0.00410566,59.6160
4.png,jpegli,60,512,768,43443,0.883850,3.067192,0.00334072,65.7696
4.png,mozjpeg,65,512,768,35041,0.712911,3.302880,0.00347046,63.5806
4.png,jpegli,65,512,768,46575,0.947571,3.142300,0.00289727,68.2368
4.png,mozjpeg,70,512,768,38933,0.792094,3.118396,0.00289125,66.4973
4.png,jpegli,70,512,768,51405,1.045837,2.778825,0.00240090,71.0300
4.png,mozjpeg,75,512,768,44543,0.906230,3.029724,0.00230183,70.4646
4.png,jpegli,75,512,768,56946,1.158569,2.602931,0.00198774,73.3682
4.png,mozjpeg,80,512,768,53048,1.079264,2.632645,0.00173403,74.1854
4.png,jpegli,80,512,768,64969,1.321798,2.224548,0.00155260,76.6331
4.png,mozjpeg,85,512,768,63807,1.298157,2.214611,0.00126865,77.5683
4.png,jpegli,85,512,768,77805,1.582947,1.822480,0.00109683,80.4447
4.png,mozjpeg,90,512,768,83536,1.699544,1.930566,0.00077943,82.0166
4.png,jpegli,90,512,768,100579,2.046285,1.511537,0.00064773,84.5432
5.png,mozjpeg,25,768,512,31045,0.631612,5.829285,0.01248568,37.8735
5.png,jpegli,25,768,512,53882,1.096232,4.332350,0.00699869,54.7878
5.png,mozjpeg,30,768,512,35797,0.728292,5.941871,0.00993389,44.5949
5.png,jpegli,30,768,512,58785,1.195984,3.970792,0.00599258,58.5876
5.png,mozjpeg,35,768,512,40587,0.825745,5.740266,0.00809934,50.4325
5.png,jpegli,35,768,512,61592,1.253092,3.788252,0.00559500,60.2970
5.png,mozjpeg,40,768,512,44717,0.909770,4.651573,0.00688152,54.6137
5.png,jpegli,40,768,512,64443,1.311096,3.756098,0.00499833,61.8638
5.png,mozjpeg,45,768,512,48693,0.990662,4.828691,0.00596362,57.6415
5.png,jpegli,45,768,512,68146,1.386434,3.556037,0.00453207,63.7491
5.png,mozjpeg,50,768,512,52619,1.070536,4.465488,0.00526798,60.1772
5.png,jpegli,50,768,512,71662,1.457967,3.305868,0.00408110,65.9090
5.png,mozjpeg,55,768,512,56835,1.156311,4.691698,0.00456752,62.8647
5.png,jpegli,55,768,512,75715,1.540426,3.325886,0.00364243,67.9012
5.png,mozjpeg,60,768,512,61180,1.244710,4.172614,0.00405068,65.3965
5.png,jpegli,60,768,512,81544,1.659017,2.956858,0.00317835,70.2453
5.png,mozjpeg,65,768,512,66772,1.358480,3.869723,0.00343330,67.8284
5.png,jpegli,65,768,512,87288,1.775879,2.806561,0.00275926,72.1693
5.png,mozjpeg,70,768,512,73413,1.493591,3.746522,0.00287871,70.5357
5.png,jpegli,70,768,512,95465,1.942240,2.727983,0.00226798,74.3534
5.png,mozjpeg,75,768,512,81951,1.667297,3.664405,0.00229342,73.6356
5.png,jpegli,75,768,512,104321,2.122416,2.361897,0.00184894,76.7487
5.png,mozjpeg,80,768,512,94821,1.929138,3.490169,0.00172690,76.8994
5.png,jpegli,80,768,512,116956,2.379476,2.039626,0.00145964,79.4971
5.png,mozjpeg,85,768,512,110487,2.247864,2.927013,0.00125588,79.9303
5.png,jpegli,85,768,512,134958,2.745728,1.759492,0.00102347,82.3638
5.png,mozjpeg,90,768,512,136852,2.784261,2.931321,0.00077509,83.7511
5.png,jpegli,90,768,512,165188,3.360758,1.336097,0.00062084,86.0781
6.png,mozjpeg,25,768,512,19507,0.396871,5.571447,0.00975429,25.3489
6.png,jpegli,25,768,512,38269,0.778585,4.219444,0.00551881,48.3701
6.png,mozjpeg,30,768,512,22842,0.464722,5.063369,0.00790837,33.2476
6.png,jpegli,30,768,512,41884,0.852132,3.927914,0.00466241,52.9089
6.png,mozjpeg,35,768,512,26181,0.532654,5.147848,0.00644200,41.0528
6.png,jpegli,35,768,512,43837,0.891866,4.093175,0.00430779,54.5242
6.png,mozjpeg,40,768,512,29295,0.596008,5.054575,0.00536853,46.2752
6.png,jpegli,40,768,512,46006,0.935994,3.718300,0.00396524,56.3704
6.png,mozjpeg,45,768,512,32359,0.658346,4.507668,0.00466469,50.1796
6.png,jpegli,45,768,512,48918,0.995239,3.471605,0.00351075,59.1624
6.png,mozjpeg,50,768,512,35286,0.717896,4.024176,0.00400600,54.5383
6.png,jpegli,50,768,512,51509,1.047953,3.550904,0.00314433,61.6518
6.png,mozjpeg,55,768,512,38455,0.782369,3.742064,0.00350673,57.6703
6.png,jpegli,55,768,512,54659,1.112040,3.451493,0.00273908,64.1682
6.png,mozjpeg,60,768,512,41805,0.850525,3.617913,0.00307760,60.0250
6.png,jpegli,60,768,512,59085,1.202087,3.185450,0.00233506,67.1525
6.png,mozjpeg,65,768,512,46220,0.940348,3.707963,0.00254816,63.9979
6.png,jpegli,65,768,512,63397,1.289815,2.840574,0.00202978,68.9223
6.png,mozjpeg,70,768,512,51341,1.044535,3.665343,0.00212542,66.9259
6.png,jpegli,70,768,512,69516,1.414307,2.554847,0.00164134,72.2259
6.png,mozjpeg,75,768,512,58009,1.180196,3.199196,0.00168271,70.7947
6.png,jpegli,75,768,512,76620,1.558838,2.380264,0.00132103,74.7268
6.png,mozjpeg,80,768,512,68394,1.391479,2.860541,0.00122613,74.7155
6.png,jpegli,80,768,512,86335,1.756490,2.157486,0.00101090,77.8698
6.png,mozjpeg,85,768,512,80719,1.642232,2.641689,0.00086760,78.2555
6.png,jpegli,85,768,512,100298,2.040568,2.031518,0.00069417,81.2449
6.png,mozjpeg,90,768,512,102818,2.091838,2.339096,0.00051243,82.7367
6.png,jpegli,90,768,512,124048,2.523763,1.389940,0.00040536,84.9805
7.png,mozjpeg,25,768,512,17392,0.353841,6.331462,0.00725067,42.6141
7.png,jpegli,25,768,512,32345,0.658061,4.250514,0.00358424,60.0965
7.png,mozjpeg,30,768,512,19828,0.403402,6.329657,0.00569489,49.3771
7.png,jpegli,30,768,512,34617,0.704285,4.165100,0.00297628,63.2712
7.png,mozjpeg,35,768,512,22171,0.451070,4.749035,0.00457059,54.3966
7.png,jpegli,35,768,512,35879,0.729960,3.825746,0.00277307,64.3154
7.png,mozjpeg,40,768,512,24269,0.493754,5.128462,0.00388152,57.8840
7.png,jpegli,40,768,512,37095,0.754700,3.653225,0.00252915,66.5433
7.png,mozjpeg,45,768,512,26265,0.534363,4.338967,0.00332894,60.8350
7.png,jpegli,45,768,512,38931,0.792053,3.920346,0.00227489,68.4363
7.png,mozjpeg,50,768,512,28371,0.577209,4.195750,0.00287148,64.3225
7.png,jpegli,50,768,512,40429,0.822530,3.312824,0.00202899,69.4304
7.png,mozjpeg,55,768,512,30814,0.626912,4.568412,0.00249095,66.1955
7.png,jpegli,55,768,512,42183,0.858215,3.323125,0.00181114,71.6755
7.png,mozjpeg,60,768,512,32962,0.670614,4.298879,0.00221332,67.6577
7.png,jpegli,60,768,512,44896,0.913411,3.141876,0.00161208,73.3570
7.png,mozjpeg,65,768,512,36034,0.733114,4.315957,0.00181780,70.9511
7.png,jpegli,65,768,512,47422,0.964803,2.789497,0.00136885,75.0811
7.png,mozjpeg,70,768,512,39275,0.799052,3.352319,0.00152388,72.9517
7.png,jpegli,70,768,512,51590,1.049601,2.689425,0.00114470,77.0903
7.png,mozjpeg,75,768,512,44111,0.897441,3.235749,0.00119935,76.2830
7.png,jpegli,75,768,512,56056,1.140462,2.363975,0.00093488,79.0797
7.png,mozjpeg,80,768,512,51390,1.045532,2.715216,0.00089641,78.7255
7.png,jpegli,80,768,512,62115,1.263733,2.057492,0.00073348,81.2398
7.png,mozjpeg,85,768,512,59963,1.219950,2.607594,0.00065935,81.3830
7.png,jpegli,85,768,512,71347,1.451558,1.923708,0.00053415,84.0430
7.png,mozjpeg,90,768,512,76118,1.548625,2.089988,0.00041577,84.7289
7.png,jpegli,90,768,512,87568,1.781576,1.568914,0.00032358,86.8566
8.png,mozjpeg,25,768,512,31355,0.637919,5.455959,0.00864004,38.9089
8.png,jpegli,25,768,512,54264,1.104004,5.120903,0.00511755,53.8194
8.png,mozjpeg,30,768,512,36146,0.735392,5.038266,0.00694101,44.5048
8.png,jpegli,30,768,512,59078,1.201945,4.366457,0.00433202,57.6495
8.png,mozjpeg,35,768,512,40543,0.824849,4.627954,0.00574134,49.8616
8.png,jpegli,35,768,512,61798,1.257284,4.235881,0.00403352,58.8312
8.png,mozjpeg,40,768,512,44665,0.908712,4.485413,0.00487177,53.8295
8.png,jpegli,40,768,512,64622,1.314738,3.844653,0.00364121,60.8487
8.png,mozjpeg,45,768,512,48639,0.989563,4.298794,0.00424692,56.9755
8.png,jpegli,45,768,512,68418,1.391968,3.473152,0.00327819,62.3884
8.png,mozjpeg,50,768,512,52412,1.066325,4.144660,0.00372036,59.6436
8.png,jpegli,50,768,512,71921,1.463236,3.665259,0.00294049,64.7888
8.png,mozjpeg,55,768,512,56386,1.147176,4.118991,0.00327304,62.2573
8.png,jpegli,55,768,512,76025,1.546733,3.275407,0.00261257,66.8218
8.png,mozjpeg,60,768,512,60784,1.236654,3.811625,0.00288378,64.2440
8.png,jpegli,60,768,512,81782,1.663859,2.964043,0.00225810,68.7242
8.png,mozjpeg,65,768,512,66005,1.342875,3.932333,0.00246651,66.6929
8.png,jpegli,65,768,512,87572,1.781657,2.990817,0.00195419,70.7294
8.png,mozjpeg,70,768,512,72445,1.473897,3.428529,0.00206964,68.9697
8.png,jpegli,70,768,512,95728,1.947591,2.653778,0.00161340,73.0484
8.png,mozjpeg,75,768,512,80975,1.647441,3.310540,0.00166903,71.8512
8.png,jpegli,75,768,512,105116,2.138590,2.340452,0.00130798,75.4115
8.png,mozjpeg,80,768,512,93857,1.909526,2.842349,0.00126537,75.4117
8.png,jpegli,80,768,512,118160,2.403971,2.277635,0.00099930,78.3596
8.png,mozjpeg,85,768,512,109495,2.227681,2.493753,0.00090727,78.5877
8.png,jpegli,85,768,512,137060,2.788493,1.806109,0.00070455,81.3056
8.png,mozjpeg,90,768,512,135827,2.763407,2.000102,0.00055380,82.4262
8.png,jpegli,90,768,512,168411,3.426331,1.375570,0.00041178,85.4627
9.png,mozjpeg,25,512,768,13123,0.266988,5.580839,0.00548865,35.7239
9.png,jpegli,25,512,768,27349,0.556417,4.499128,0.00295917,55.2829
9.png,mozjpeg,30,512,768,15007,0.305318,5.050993,0.00437215,42.7319
9.png,jpegli,30,512,768,29146,0.592977,3.784802,0.00242452,59.6026
9.png,mozjpeg,35,512,768,16883,0.343486,4.668655,0.00346717,49.4673
9.png,jpegli,35,512,768,30262,0.615682,4.114461,0.00223310,61.2005
9.png,mozjpeg,40,512,768,18565,0.377706,4.146395,0.00300339,53.0532
9.png,jpegli,40,512,768,31230,0.635376,3.872550,0.00200960,63.4740
9.png,mozjpeg,45,512,768,20190,0.410767,4.482831,0.00257580,56.2902
9.png,jpegli,45,512,768,32735,0.665995,3.704245,0.00173346,66.2053
9.png,mozjpeg,50,512,768,21911,0.445780,4.350746,0.00219752,59.7080
9.png,jpegli,50,512,768,33950,0.690715,3.408763,0.00155480,67.5971
9.png,mozjpeg,55,512,768,23862,0.485474,4.349503,0.00190513,62.0794
9.png,jpegli,55,512,768,35528,0.722819,3.139357,0.00140029,69.2291
9.png,mozjpeg,60,512,768,25621,0.521261,3.951656,0.00170923,63.7755
9.png,jpegli,60,512,768,37889,0.770854,2.784189,0.00121783,71.4214
9.png,mozjpeg,65,512,768,28158,0.572876,3.572434,0.00138537,67.5636
9.png,jpegli,65,512,768,39884,0.811442,2.707659,0.00103169,72.9677
9.png,mozjpeg,70,512,768,30878,0.628215,3.376777,0.00117388,69.7331
9.png,jpegli,70,512,768,43245,0.879822,2.505609,0.00089122,74.5734
9.png,mozjpeg,75,512,768,35162,0.715373,2.905611,0.00090742,73.8376
9.png,jpegli,75,512,768,46842,0.953003,2.505078,0.00072103,76.6975
9.png,mozjpeg,80,512,768,41720,0.848796,2.624933,0.00070779,76.2703
9.png,jpegli,80,512,768,52234,1.062703,2.263314,0.00057821,78.9758
9.png,mozjpeg,85,512,768,49986,1.016968,2.435773,0.00052294,79.2673
9.png,jpegli,85,512,768,61143,1.243958,1.780221,0.00043650,81.3443
9.png,mozjpeg,90,512,768,66578,1.354533,1.937292,0.00032790,83.0808
9.png,jpegli,90,512,768,80506,1.637899,1.595591,0.00028920,84.1928
